-- phpMyAdmin SQL Dump
-- version 5.2.1
-- https://www.phpmyadmin.net/
--
-- Servidor: 127.0.0.1
-- Tiempo de generación: 19-02-2024 a las 14:39:19
-- Versión del servidor: 10.4.32-MariaDB
-- Versión de PHP: 8.2.12

SET SQL_MODE = "NO_AUTO_VALUE_ON_ZERO";
START TRANSACTION;
SET time_zone = "+00:00";


/*!40101 SET @OLD_CHARACTER_SET_CLIENT=@@CHARACTER_SET_CLIENT */;
/*!40101 SET @OLD_CHARACTER_SET_RESULTS=@@CHARACTER_SET_RESULTS */;
/*!40101 SET @OLD_COLLATION_CONNECTION=@@COLLATION_CONNECTION */;
/*!40101 SET NAMES utf8mb4 */;

--
-- Base de datos: `transmilenio`
--

-- --------------------------------------------------------

--
-- Estructura de tabla para la tabla `estacion`
--

CREATE TABLE `estacion` (
  `estacionId` int(20) NOT NULL,
  `name` varchar(25) NOT NULL
) ENGINE=InnoDB DEFAULT CHARSET=utf8mb4 COLLATE=utf8mb4_general_ci;

--
-- Volcado de datos para la tabla `estacion`
--

INSERT INTO `estacion` (`estacionId`, `name`) VALUES
(1, 'Tercer Milenio'),
(2, 'Avenida Jimenez'),
(3, 'Calle 19'),
(4, 'Calle 22'),
(5, 'Calle 26'),
(6, 'Profamilia'),
(7, 'Avenida 39'),
(8, 'Calle 45'),
(9, 'Marly'),
(10, 'Calle 57'),
(11, 'Calle 63'),
(12, 'Flores'),
(13, 'Calle 72'),
(14, 'Calle 76'),
(15, 'Heroes'),
(16, 'Calle 85'),
(17, 'Virrey'),
(18, 'Calle 100'),
(19, 'Calle 106'),
(20, 'Pepe Sierra'),
(21, 'Calle 127'),
(22, 'Prado'),
(23, 'Alcala'),
(24, 'Calle 142'),
(25, 'Calle 146'),
(26, 'Mazuren'),
(27, 'Cardio Infantil'),
(28, 'Toberin'),
(29, 'Portal del Norte'),
(30, 'Calle 187'),
(31, 'Terminal'),
(32, 'Portal de Suba'),
(33, 'La Campiña'),
(34, 'Suba TV91'),
(35, '21 Angeles'),
(36, 'Gratamira'),
(37, 'Avenida Boyaca'),
(38, 'Niza calle 127'),
(39, 'Humedal Cordoba'),
(40, 'Shaio'),
(41, 'Puentelargo'),
(42, 'Suba Calle 100'),
(43, 'Suba Calle 95'),
(44, 'Rionegro'),
(45, 'San Martin'),
(46, 'Portal de la 80'),
(47, 'Quirigua'),
(48, 'Carrea 90'),
(49, 'Avenida Cali'),
(50, 'Granja - carrera 77'),
(51, 'Minuto de Dios'),
(52, 'Boyaca'),
(53, 'Ferias'),
(54, 'Avenida 68'),
(55, 'Carrea 53'),
(56, 'Carrea 47'),
(57, 'Escuela Militar'),
(58, 'Polo'),
(59, 'La Castellana'),
(60, 'NQS Calle75'),
(61, 'Avenida Chile'),
(62, 'Simon Bolivar'),
(63, 'Coliseo'),
(64, 'Campin'),
(65, 'U. Nacional'),
(66, 'Avenida el Dorado'),
(67, 'CAD'),
(68, 'Paloquemao'),
(69, 'Guatoque'),
(70, 'Tygua'),
(71, 'Portal de las Americas'),
(72, 'Patio Bonito'),
(73, 'Biblioteca Tintal'),
(74, 'Transversal 86'),
(75, 'Banderas'),
(76, 'Mandalay'),
(77, 'Mundo Aventura'),
(78, 'Marsella'),
(79, 'Pradera'),
(80, 'Americas KR53A'),
(81, 'Puente Aranda'),
(82, 'Carrea 43'),
(83, 'Zona Industrial'),
(84, 'CDS -Carrea 32'),
(85, 'Ricaurte'),
(86, 'San Facon'),
(87, 'De la Sabana'),
(88, 'San Mateo'),
(89, 'Terreros'),
(90, 'Leon XIII'),
(91, 'La Despensa'),
(92, 'Bosa'),
(93, 'Portal del Sur'),
(94, 'Perdomo'),
(95, 'Madelena'),
(96, 'Sevillana'),
(97, 'Venecia'),
(98, 'Alqueria'),
(99, 'General Santader'),
(100, 'NQS-CL 38A S'),
(101, 'NQS-CL 30 S'),
(102, 'SENA'),
(103, 'Santa Isabel'),
(104, 'Comuneros'),
(105, 'Hospital'),
(106, 'Hortua'),
(107, 'Nariño'),
(108, 'Fucha'),
(109, 'Restrepo'),
(110, 'Olaya'),
(111, 'Quiroga'),
(112, 'Calle 40 S'),
(113, 'Santa Lucia'),
(114, 'Socorro'),
(115, 'Consuelo'),
(116, 'Molinos'),
(117, 'Portal de Usme'),
(118, 'Biblioteca'),
(119, 'Parque'),
(120, 'Portal del Tunal'),
(121, 'Museo del Oro'),
(122, 'Aguas'),
(123, 'Portal el Dorado'),
(124, 'Modelia'),
(125, 'Normandia'),
(126, 'Avenida Rojas'),
(127, 'Maloka'),
(128, 'El Greco'),
(129, 'CAN'),
(130, 'Gobernacion'),
(131, 'Quinta Paredes'),
(132, 'Corferias'),
(133, 'Ciudad Universtaria'),
(134, 'Plaza de la Democracia'),
(135, 'Centro Memoria'),
(136, 'Universidades'),
(137, 'Portal 20 de Julio'),
(138, 'Country Sur'),
(139, 'Avenida 1 mayo'),
(140, 'Ciudad Jardin'),
(141, 'Policarpa'),
(142, 'Hospitales'),
(143, 'Bicentenario'),
(144, 'San Victorino'),
(145, 'Las Nieves'),
(146, 'San Diego'),
(147, 'Museo Nacional');

-- --------------------------------------------------------

--
-- Estructura de tabla para la tabla `estacionruta`
--

CREATE TABLE `estacionruta` (
  `estacionRutaId` int(20) NOT NULL,
  `estacionId` int(20) DEFAULT NULL,
  `rutaId` int(20) DEFAULT NULL
) ENGINE=InnoDB DEFAULT CHARSET=utf8mb4 COLLATE=utf8mb4_general_ci;

--
-- Volcado de datos para la tabla `estacionruta`
--

INSERT INTO `estacionruta` (`estacionRutaId`, `estacionId`, `rutaId`) VALUES
(1, 1, 1),
(2, 2, 1),
(3, 3, 1),
(4, 4, 1),
(5, 5, 1),
(6, 6, 1),
(7, 7, 1),
(8, 8, 1),
(9, 9, 1),
(10, 10, 1),
(11, 11, 1),
(12, 12, 1),
(13, 13, 1),
(14, 14, 1),
(15, 15, 1),
(16, 15, 2),
(17, 16, 2),
(18, 17, 2),
(19, 18, 2),
(20, 19, 2),
(21, 20, 2),
(22, 21, 2),
(23, 22, 2),
(24, 23, 2),
(25, 24, 2),
(26, 25, 2),
(27, 26, 2),
(28, 27, 2),
(29, 28, 2),
(30, 29, 2),
(31, 30, 2),
(32, 31, 2),
(33, 32, 3),
(34, 33, 3),
(35, 34, 3),
(36, 35, 3),
(37, 36, 3),
(38, 37, 3),
(39, 38, 3),
(40, 39, 3),
(41, 40, 3),
(42, 41, 3),
(43, 42, 3),
(44, 43, 3),
(45, 44, 3),
(46, 45, 3),
(47, 57, 3),
(48, 46, 4),
(49, 47, 4),
(50, 48, 4),
(51, 49, 4),
(52, 50, 4),
(53, 51, 4),
(54, 52, 4),
(55, 53, 4),
(56, 54, 4),
(57, 55, 4),
(58, 56, 4),
(59, 57, 4),
(60, 58, 4),
(61, 57, 5),
(62, 59, 5),
(63, 60, 5),
(64, 61, 5),
(65, 62, 5),
(66, 63, 5),
(67, 64, 5),
(68, 65, 5),
(69, 66, 5),
(70, 67, 5),
(71, 68, 5),
(72, 69, 5),
(73, 70, 5),
(74, 71, 6),
(75, 72, 6),
(76, 73, 6),
(77, 74, 6),
(78, 75, 6),
(79, 76, 6),
(80, 77, 6),
(81, 78, 6),
(82, 79, 6),
(83, 80, 6),
(84, 81, 6),
(85, 82, 6),
(86, 83, 6),
(87, 84, 6),
(88, 85, 6),
(89, 86, 6),
(90, 87, 6),
(91, 2, 6),
(92, 85, 5),
(93, 88, 7),
(94, 89, 7),
(95, 90, 7),
(96, 91, 7),
(97, 92, 7),
(98, 93, 7),
(99, 94, 7),
(100, 95, 7),
(101, 96, 7),
(102, 97, 7),
(103, 98, 7),
(104, 99, 7),
(105, 100, 7),
(106, 101, 7),
(107, 102, 7),
(108, 103, 7),
(109, 104, 7),
(110, 104, 5),
(111, 18, 5),
(112, 105, 8),
(113, 106, 8),
(114, 107, 8),
(115, 108, 8),
(116, 109, 8),
(117, 110, 8),
(118, 111, 8),
(119, 112, 8),
(120, 113, 8),
(121, 114, 8),
(122, 115, 8),
(123, 116, 8),
(124, 117, 8),
(125, 118, 8),
(126, 119, 8),
(127, 120, 8),
(128, 121, 9),
(129, 122, 9),
(130, 2, 9),
(131, 123, 10),
(132, 124, 10),
(133, 125, 10),
(134, 126, 10),
(135, 127, 10),
(136, 128, 10),
(137, 129, 10),
(138, 130, 10),
(139, 131, 10),
(140, 132, 10),
(141, 133, 10),
(142, 134, 10),
(143, 135, 10),
(144, 136, 10),
(145, 137, 11),
(146, 138, 11),
(147, 139, 11),
(148, 140, 11),
(149, 141, 11),
(150, 142, 11),
(151, 143, 11),
(152, 144, 11),
(153, 145, 11),
(154, 146, 11),
(155, 142, 5),
(156, 147, 12);

-- --------------------------------------------------------

--
-- Estructura de tabla para la tabla `recorrido`
--

CREATE TABLE `recorrido` (
  `recorridoId` int(20) NOT NULL,
  `name` varchar(20) NOT NULL,
  `Origin` varchar(20) NOT NULL,
  `destination` varchar(20) NOT NULL,
  `frecuencyMin` int(10) NOT NULL
) ENGINE=InnoDB DEFAULT CHARSET=utf8mb4 COLLATE=utf8mb4_general_ci;

--
-- Volcado de datos para la tabla `recorrido`
--

INSERT INTO `recorrido` (`recorridoId`, `name`, `Origin`, `destination`, `frecuencyMin`) VALUES
(1, 'G30', 'Porta del Sur', 'Portal de Suba', 20),
(2, 'G41', 'Porta del Sur', 'Bicentenario', 20),
(3, 'G42', 'Porta del Sur', 'Simon Bolivar', 20),
(4, 'G43', 'Porta del Sur', 'Portal el Dorado', 20),
(5, 'G47', 'Porta del Sur', 'Museo Naconal', 20),
(6, 'G45', 'Porta del Sur', 'San Mateo', 20),
(7, 'G46', 'Porta del Sur', 'Portal Norte', 20),
(8, 'G50', 'Porta del Sur', 'Flores', 20),
(9, 'D10', 'Portal 80', 'Portal Norte', 20),
(10, 'D20', 'Portal 80', 'Portal Usme', 20),
(11, 'D21', 'Portal 80', 'Portal Tunal', 20),
(12, 'D22', 'Portal 80', 'Portal Sur', 20),
(13, 'D24', 'Portal 80', 'Universiades', 20),
(14, 'D51', 'Escuela Militar', 'Portal Usme', 20),
(15, 'E32', 'NQS -Call75', 'Portal Americas', 20),
(16, 'E42', 'Simon Bolivar', 'San Mateo', 20),
(17, 'H13', 'Portal Tunal', 'Portal Norte', 20),
(18, 'H15', 'Portal Tunal', 'Portal Suba', 20),
(19, 'H17', 'Portal Usme', 'Portal Suba', 20),
(20, 'H20', 'Portal Usme', 'Portal 80', 20),
(21, 'H21', 'Portal Tintal', 'Portal 80', 20),
(22, 'H54', 'Portal Usme', 'Portal Dorado', 20),
(23, 'H72', 'Portal Usme', 'Toberin', 20),
(24, 'H75', 'Portal Usme', 'Portal Norte', 20),
(25, 'H27', 'Portal Tunal', 'Portal Norte', 20),
(26, 'H73', 'Portal Tunal', 'Toberin', 20),
(27, 'F19', 'Banderas', 'Portal Suba', 20),
(28, 'F23', 'Portal Americas', 'Las Aguas', 20),
(29, 'F28', 'Portal Americas', 'Portal Norte', 20),
(30, 'F32', 'Portal Americas', 'NQS -Call75', 20),
(31, 'F51', 'Portal Americas', 'Museo Nacional', 20),
(32, 'F60', 'Portal Americas', 'Calle 75', 20),
(33, 'F26', 'Portal Americas', 'Alcala', 20),
(34, 'F61', 'Portal Americas', 'Calle 72', 20),
(35, 'J23', 'Las Aguas', 'Portal Americas', 20),
(36, 'J24', 'Universidades', 'Portal 80', 20),
(37, 'J74', 'Las Aguas', 'Portal Norte', 20),
(38, 'J70', 'Las Aguas', 'Portal Norte', 20),
(39, 'J73', 'Universidades', 'Portal Suba', 20),
(40, 'A60', 'Calle 76', 'Portal Americas', 20),
(41, 'A52', 'Flores', 'Portal Sur', 20),
(42, 'A61', 'Calle 72', 'Portal Americas', 20),
(43, 'B10', 'Portal Norte', 'Portal 80', 20),
(44, 'B11', 'Terminal', 'Portal Sur', 20),
(45, 'B12', 'Portal Norte', 'Portal Sur', 20),
(46, 'B13', 'Portal Norte', 'Portal Tunal', 20),
(47, 'B16', 'Terminal', 'Portal Dorado', 20),
(48, 'B18', 'Terminal', 'Portal 20 de Julio', 20),
(49, 'B23', 'Alcala', 'Portal Dorado', 20),
(50, 'B26', 'Alcala', 'Portal Americas', 20),
(51, 'B28', 'Portal Norte', 'Portal America', 20),
(52, 'B72', 'Toberin', 'Portal Usme', 20),
(53, 'B74', 'Portal Norte', 'Las Aguas', 20),
(54, 'B75', 'Portal Norte', 'Portal Usme', 20),
(55, 'B27', 'Portal Norte', 'Portal Tunal', 20),
(56, 'C15', 'Portal Suba', 'Portal Tunal', 20),
(57, 'C17', 'Portal Suba', 'Portal Usme', 20),
(58, 'C19', 'Portal Suba', 'Banderas', 20),
(59, 'C25', 'Portal Suba', 'Portal 20 de Julio', 20),
(60, 'C30', 'Portal Suba', 'Portal Sur', 20),
(61, 'C50', 'Portal Suba', 'Calle 161', 20),
(62, 'C73', 'Portal Suba', 'Universidades', 20),
(63, 'g20', 'afdfdf', 'dfdfdf', 45);

-- --------------------------------------------------------

--
-- Estructura de tabla para la tabla `recorridoestacion`
--

CREATE TABLE `recorridoestacion` (
  `recorridoEstacionId` int(20) NOT NULL,
  `estacionId` int(20) NOT NULL,
  `recorridoId` int(20) NOT NULL
) ENGINE=InnoDB DEFAULT CHARSET=utf8mb4 COLLATE=utf8mb4_general_ci;

--
-- Volcado de datos para la tabla `recorridoestacion`
--

INSERT INTO `recorridoestacion` (`recorridoEstacionId`, `estacionId`, `recorridoId`) VALUES
(196, 1, 17),
(212, 1, 18),
(248, 1, 20),
(616, 1, 46),
(647, 1, 48),
(766, 1, 56),
(115, 2, 10),
(167, 2, 14),
(213, 2, 18),
(318, 2, 24),
(333, 2, 25),
(382, 2, 28),
(458, 2, 35),
(503, 2, 38),
(719, 2, 54),
(749, 2, 55),
(765, 2, 56),
(114, 3, 10),
(166, 3, 14),
(214, 3, 18),
(249, 3, 20),
(344, 3, 26),
(361, 3, 27),
(451, 3, 34),
(489, 3, 37),
(545, 3, 42),
(740, 3, 53),
(764, 3, 56),
(800, 3, 58),
(197, 4, 17),
(215, 4, 18),
(615, 4, 46),
(763, 4, 56),
(113, 5, 10),
(161, 5, 13),
(165, 5, 14),
(250, 5, 20),
(345, 5, 26),
(362, 5, 27),
(429, 5, 32),
(478, 5, 36),
(490, 5, 37),
(524, 5, 40),
(659, 5, 49),
(739, 5, 53),
(799, 5, 58),
(112, 6, 10),
(251, 6, 20),
(346, 6, 26),
(363, 6, 27),
(430, 6, 32),
(523, 6, 40),
(646, 6, 48),
(798, 6, 58),
(132, 7, 11),
(160, 7, 13),
(164, 7, 14),
(198, 7, 17),
(234, 7, 19),
(266, 7, 21),
(347, 7, 26),
(452, 7, 34),
(479, 7, 36),
(491, 7, 37),
(544, 7, 42),
(614, 7, 46),
(738, 7, 53),
(780, 7, 57),
(111, 8, 10),
(216, 8, 18),
(252, 8, 20),
(348, 8, 26),
(431, 8, 32),
(492, 8, 37),
(522, 8, 40),
(645, 8, 48),
(658, 8, 49),
(737, 8, 53),
(762, 8, 56),
(131, 9, 11),
(217, 9, 18),
(267, 9, 21),
(319, 9, 24),
(334, 9, 25),
(364, 9, 27),
(432, 9, 32),
(521, 9, 40),
(657, 9, 49),
(718, 9, 54),
(748, 9, 55),
(761, 9, 56),
(797, 9, 58),
(130, 10, 11),
(159, 10, 13),
(235, 10, 19),
(268, 10, 21),
(470, 10, 31),
(453, 10, 34),
(480, 10, 36),
(493, 10, 37),
(543, 10, 42),
(656, 10, 49),
(736, 10, 53),
(779, 10, 57),
(129, 11, 11),
(199, 11, 17),
(269, 11, 21),
(320, 11, 24),
(365, 11, 27),
(433, 11, 32),
(520, 11, 40),
(613, 11, 46),
(644, 11, 48),
(717, 11, 54),
(796, 11, 58),
(88, 12, 8),
(128, 12, 11),
(200, 12, 17),
(270, 12, 21),
(454, 12, 34),
(531, 12, 41),
(542, 12, 42),
(612, 12, 46),
(127, 13, 11),
(236, 13, 19),
(271, 13, 21),
(321, 13, 24),
(335, 13, 25),
(366, 13, 27),
(455, 13, 34),
(541, 13, 42),
(716, 13, 54),
(747, 13, 55),
(778, 13, 57),
(795, 13, 58),
(87, 14, 8),
(126, 14, 11),
(218, 14, 18),
(237, 14, 19),
(272, 14, 21),
(322, 14, 24),
(336, 14, 25),
(434, 14, 32),
(519, 14, 40),
(532, 14, 41),
(715, 14, 54),
(746, 14, 55),
(760, 14, 56),
(777, 14, 57),
(323, 15, 24),
(441, 15, 33),
(494, 15, 37),
(576, 15, 44),
(643, 15, 48),
(673, 15, 50),
(735, 15, 53),
(714, 15, 54),
(846, 15, 61),
(96, 16, 9),
(201, 16, 17),
(337, 16, 25),
(442, 16, 33),
(559, 16, 43),
(575, 16, 44),
(611, 16, 46),
(655, 16, 49),
(672, 16, 50),
(745, 16, 55),
(847, 16, 61),
(97, 17, 9),
(338, 17, 25),
(443, 17, 33),
(495, 17, 37),
(558, 17, 43),
(574, 17, 44),
(642, 17, 48),
(671, 17, 50),
(734, 17, 53),
(713, 17, 54),
(744, 17, 55),
(848, 17, 61),
(75, 18, 7),
(98, 18, 9),
(202, 18, 17),
(324, 18, 24),
(444, 18, 33),
(557, 18, 43),
(594, 18, 45),
(610, 18, 46),
(670, 18, 50),
(99, 19, 9),
(203, 19, 17),
(392, 19, 29),
(556, 19, 43),
(573, 19, 44),
(609, 19, 46),
(685, 19, 51),
(100, 20, 9),
(306, 20, 23),
(393, 20, 29),
(555, 20, 43),
(572, 20, 44),
(626, 20, 47),
(641, 20, 48),
(684, 20, 51),
(695, 20, 52),
(325, 21, 24),
(349, 21, 26),
(445, 21, 33),
(504, 21, 38),
(593, 21, 45),
(640, 21, 48),
(669, 21, 50),
(326, 22, 24),
(350, 22, 26),
(394, 22, 29),
(496, 22, 37),
(505, 22, 38),
(592, 22, 45),
(654, 22, 49),
(683, 22, 51),
(733, 22, 53),
(712, 22, 54),
(76, 23, 7),
(101, 23, 9),
(307, 23, 23),
(351, 23, 26),
(446, 23, 33),
(506, 23, 38),
(554, 23, 43),
(625, 23, 47),
(639, 23, 48),
(653, 23, 49),
(668, 23, 50),
(694, 23, 52),
(204, 24, 17),
(327, 24, 24),
(497, 24, 37),
(507, 24, 38),
(591, 24, 45),
(608, 24, 46),
(732, 24, 53),
(711, 24, 54),
(849, 24, 61),
(102, 25, 9),
(328, 25, 24),
(352, 25, 26),
(395, 25, 29),
(498, 25, 37),
(508, 25, 38),
(553, 25, 43),
(571, 25, 44),
(682, 25, 51),
(731, 25, 53),
(710, 25, 54),
(205, 26, 17),
(570, 26, 44),
(607, 26, 46),
(206, 27, 17),
(396, 27, 29),
(606, 27, 46),
(681, 27, 51),
(850, 27, 61),
(77, 28, 7),
(103, 28, 9),
(308, 28, 23),
(329, 28, 24),
(353, 28, 26),
(499, 28, 37),
(509, 28, 38),
(552, 28, 43),
(569, 28, 44),
(590, 28, 45),
(624, 28, 47),
(693, 28, 52),
(730, 28, 53),
(709, 28, 54),
(78, 29, 7),
(104, 29, 9),
(207, 29, 17),
(330, 29, 24),
(339, 29, 25),
(397, 29, 29),
(500, 29, 37),
(510, 29, 38),
(551, 29, 43),
(589, 29, 45),
(605, 29, 46),
(680, 29, 51),
(729, 29, 53),
(708, 29, 54),
(743, 29, 55),
(568, 30, 44),
(623, 30, 47),
(638, 30, 48),
(567, 31, 44),
(622, 31, 47),
(637, 31, 48),
(16, 32, 1),
(226, 32, 18),
(243, 32, 19),
(373, 32, 27),
(518, 32, 39),
(752, 32, 56),
(771, 32, 57),
(788, 32, 58),
(808, 32, 59),
(823, 32, 60),
(839, 32, 61),
(851, 32, 62),
(15, 33, 1),
(242, 33, 19),
(372, 33, 27),
(517, 33, 39),
(772, 33, 57),
(789, 33, 58),
(824, 33, 60),
(840, 33, 61),
(852, 33, 62),
(14, 34, 1),
(225, 34, 18),
(371, 34, 27),
(516, 34, 39),
(753, 34, 56),
(790, 34, 58),
(825, 34, 60),
(841, 34, 61),
(853, 34, 62),
(370, 35, 27),
(791, 35, 58),
(842, 35, 61),
(224, 36, 18),
(754, 36, 56),
(13, 37, 1),
(369, 37, 27),
(792, 37, 58),
(809, 37, 59),
(223, 38, 18),
(515, 38, 39),
(755, 38, 56),
(810, 38, 59),
(826, 38, 60),
(854, 38, 62),
(222, 39, 18),
(756, 39, 56),
(843, 40, 61),
(12, 41, 1),
(221, 41, 18),
(514, 41, 39),
(757, 41, 56),
(827, 41, 60),
(844, 41, 61),
(855, 41, 62),
(241, 42, 19),
(368, 42, 27),
(773, 42, 57),
(793, 42, 58),
(811, 42, 59),
(11, 43, 1),
(240, 43, 19),
(367, 43, 27),
(774, 43, 57),
(794, 43, 58),
(812, 43, 59),
(828, 43, 60),
(220, 44, 18),
(758, 44, 56),
(845, 44, 61),
(239, 45, 19),
(513, 45, 39),
(775, 45, 57),
(856, 45, 62),
(89, 46, 9),
(105, 46, 10),
(120, 46, 11),
(140, 46, 12),
(154, 46, 13),
(258, 46, 20),
(278, 46, 21),
(486, 46, 36),
(566, 46, 43),
(121, 47, 11),
(277, 47, 21),
(90, 48, 9),
(122, 48, 11),
(276, 48, 21),
(565, 48, 43),
(91, 49, 9),
(123, 49, 11),
(275, 49, 21),
(564, 49, 43),
(92, 50, 9),
(106, 50, 10),
(124, 50, 11),
(141, 50, 12),
(155, 50, 13),
(257, 50, 20),
(274, 50, 21),
(485, 50, 36),
(563, 50, 43),
(125, 51, 11),
(142, 51, 12),
(273, 51, 21),
(107, 52, 10),
(256, 52, 20),
(108, 53, 10),
(255, 53, 20),
(93, 54, 9),
(109, 54, 10),
(143, 54, 12),
(156, 54, 13),
(254, 54, 20),
(484, 54, 36),
(562, 54, 43),
(94, 55, 9),
(561, 55, 43),
(95, 56, 9),
(144, 56, 12),
(483, 56, 36),
(560, 56, 43),
(157, 57, 13),
(163, 57, 14),
(219, 57, 18),
(482, 57, 36),
(110, 58, 10),
(158, 58, 13),
(238, 58, 19),
(253, 58, 20),
(481, 58, 36),
(577, 58, 44),
(759, 58, 56),
(776, 58, 57),
(305, 59, 23),
(391, 59, 29),
(595, 59, 45),
(686, 59, 51),
(696, 59, 52),
(10, 60, 1),
(145, 60, 12),
(169, 60, 15),
(409, 60, 30),
(596, 60, 45),
(829, 60, 60),
(146, 61, 12),
(170, 61, 15),
(304, 61, 23),
(408, 61, 30),
(627, 61, 47),
(697, 61, 52),
(813, 61, 59),
(34, 62, 3),
(171, 62, 15),
(181, 62, 16),
(407, 62, 30),
(597, 62, 45),
(303, 63, 23),
(698, 63, 52),
(814, 63, 59),
(9, 64, 1),
(33, 64, 3),
(182, 64, 16),
(578, 64, 44),
(815, 64, 59),
(830, 64, 60),
(8, 65, 1),
(32, 65, 3),
(147, 65, 12),
(172, 65, 15),
(183, 65, 16),
(406, 65, 30),
(598, 65, 45),
(831, 65, 60),
(173, 66, 15),
(405, 66, 30),
(599, 66, 45),
(628, 66, 47),
(7, 67, 1),
(43, 67, 4),
(174, 67, 15),
(404, 67, 30),
(832, 67, 60),
(31, 68, 3),
(184, 68, 16),
(302, 68, 23),
(579, 68, 44),
(699, 68, 52),
(22, 69, 2),
(58, 69, 5),
(148, 69, 12),
(301, 69, 23),
(700, 69, 52),
(816, 69, 59),
(23, 70, 2),
(59, 70, 5),
(300, 70, 23),
(701, 70, 52),
(817, 70, 59),
(180, 71, 15),
(374, 71, 28),
(385, 71, 29),
(398, 71, 30),
(410, 71, 31),
(423, 71, 32),
(435, 71, 33),
(447, 71, 34),
(466, 71, 35),
(530, 71, 40),
(550, 71, 42),
(679, 71, 50),
(692, 71, 51),
(375, 72, 28),
(411, 72, 31),
(436, 72, 33),
(448, 72, 34),
(465, 72, 35),
(549, 72, 42),
(678, 72, 50),
(386, 73, 29),
(412, 73, 31),
(691, 73, 51),
(179, 74, 15),
(399, 74, 30),
(424, 74, 32),
(437, 74, 33),
(529, 74, 40),
(677, 74, 50),
(178, 75, 15),
(354, 75, 27),
(376, 75, 28),
(387, 75, 29),
(400, 75, 30),
(413, 75, 31),
(425, 75, 32),
(438, 75, 33),
(449, 75, 34),
(464, 75, 35),
(528, 75, 40),
(548, 75, 42),
(676, 75, 50),
(690, 75, 51),
(807, 75, 58),
(355, 76, 27),
(414, 76, 31),
(439, 76, 33),
(675, 76, 50),
(806, 76, 58),
(377, 77, 28),
(401, 77, 30),
(415, 77, 31),
(440, 77, 33),
(463, 77, 35),
(674, 77, 50),
(356, 78, 27),
(388, 78, 29),
(416, 78, 31),
(547, 78, 42),
(689, 78, 51),
(805, 78, 58),
(378, 79, 28),
(462, 79, 35),
(177, 80, 15),
(357, 80, 27),
(418, 80, 31),
(804, 80, 58),
(176, 81, 15),
(379, 81, 28),
(402, 81, 30),
(461, 81, 35),
(426, 82, 32),
(527, 82, 40),
(175, 83, 15),
(358, 83, 27),
(389, 83, 29),
(403, 83, 30),
(688, 83, 51),
(803, 83, 58),
(390, 84, 29),
(450, 84, 34),
(546, 84, 42),
(687, 84, 51),
(6, 85, 1),
(42, 85, 4),
(149, 85, 12),
(359, 85, 27),
(380, 85, 28),
(419, 85, 31),
(427, 85, 32),
(460, 85, 35),
(526, 85, 40),
(580, 85, 44),
(600, 85, 45),
(802, 85, 58),
(833, 85, 60),
(381, 86, 28),
(459, 86, 35),
(360, 87, 27),
(428, 87, 32),
(525, 87, 40),
(801, 87, 58),
(17, 88, 2),
(25, 88, 3),
(35, 88, 4),
(69, 88, 6),
(70, 88, 7),
(190, 88, 16),
(18, 89, 2),
(26, 89, 3),
(36, 89, 4),
(68, 89, 6),
(71, 89, 7),
(189, 89, 16),
(27, 90, 3),
(37, 90, 4),
(67, 90, 6),
(72, 90, 7),
(188, 90, 16),
(28, 91, 3),
(38, 91, 4),
(66, 91, 6),
(73, 91, 7),
(187, 91, 16),
(19, 92, 2),
(29, 92, 3),
(65, 92, 6),
(74, 92, 7),
(186, 92, 16),
(1, 93, 1),
(52, 93, 5),
(64, 93, 6),
(79, 93, 8),
(153, 93, 12),
(540, 93, 41),
(588, 93, 44),
(604, 93, 45),
(838, 93, 60),
(53, 94, 5),
(80, 94, 8),
(539, 94, 41),
(603, 94, 45),
(54, 95, 5),
(81, 95, 8),
(538, 95, 41),
(587, 95, 44),
(55, 96, 5),
(152, 96, 12),
(2, 97, 1),
(39, 97, 4),
(82, 97, 8),
(537, 97, 41),
(586, 97, 44),
(837, 97, 60),
(20, 98, 2),
(83, 98, 8),
(536, 98, 41),
(585, 98, 44),
(3, 99, 1),
(40, 99, 4),
(84, 99, 8),
(151, 99, 12),
(535, 99, 41),
(602, 99, 45),
(836, 99, 60),
(4, 100, 1),
(56, 100, 5),
(584, 100, 44),
(835, 100, 60),
(21, 101, 2),
(85, 101, 8),
(534, 101, 41),
(583, 101, 44),
(41, 102, 4),
(150, 102, 12),
(582, 102, 44),
(5, 103, 1),
(86, 103, 8),
(533, 103, 41),
(581, 103, 44),
(834, 103, 60),
(30, 104, 3),
(57, 104, 5),
(185, 104, 16),
(601, 104, 45),
(195, 105, 17),
(702, 105, 52),
(233, 106, 19),
(283, 106, 22),
(299, 106, 23),
(317, 106, 24),
(617, 106, 46),
(720, 106, 54),
(781, 106, 57),
(133, 107, 11),
(265, 107, 21),
(298, 107, 23),
(316, 107, 24),
(703, 107, 52),
(721, 107, 54),
(134, 108, 11),
(264, 108, 21),
(297, 108, 23),
(343, 108, 26),
(704, 108, 52),
(194, 109, 17),
(232, 109, 19),
(282, 109, 22),
(315, 109, 24),
(618, 109, 46),
(722, 109, 54),
(782, 109, 57),
(211, 110, 18),
(296, 110, 23),
(342, 110, 26),
(705, 110, 52),
(767, 110, 56),
(193, 111, 17),
(231, 111, 19),
(619, 111, 46),
(783, 111, 57),
(116, 112, 10),
(135, 112, 11),
(210, 112, 18),
(247, 112, 20),
(263, 112, 21),
(281, 112, 22),
(314, 112, 24),
(332, 112, 25),
(341, 112, 26),
(723, 112, 54),
(750, 112, 55),
(768, 112, 56),
(117, 113, 10),
(136, 113, 11),
(230, 113, 19),
(246, 113, 20),
(262, 113, 21),
(313, 113, 24),
(724, 113, 54),
(784, 113, 57),
(312, 114, 24),
(725, 114, 54),
(229, 115, 19),
(311, 115, 24),
(726, 115, 54),
(785, 115, 57),
(118, 116, 10),
(228, 116, 19),
(245, 116, 20),
(280, 116, 22),
(295, 116, 23),
(310, 116, 24),
(706, 116, 52),
(727, 116, 54),
(786, 116, 57),
(119, 117, 10),
(168, 117, 14),
(227, 117, 19),
(244, 117, 20),
(279, 117, 22),
(294, 117, 23),
(309, 117, 24),
(707, 117, 52),
(728, 117, 54),
(787, 117, 57),
(137, 118, 11),
(192, 118, 17),
(261, 118, 21),
(620, 118, 46),
(138, 119, 11),
(209, 119, 18),
(260, 119, 21),
(769, 119, 56),
(139, 120, 11),
(191, 120, 17),
(208, 120, 18),
(259, 120, 21),
(331, 120, 25),
(340, 120, 26),
(621, 120, 46),
(751, 120, 55),
(770, 120, 56),
(383, 121, 28),
(457, 121, 35),
(488, 121, 37),
(502, 121, 38),
(742, 121, 53),
(384, 122, 28),
(456, 122, 35),
(487, 122, 37),
(501, 122, 38),
(741, 122, 53),
(51, 123, 4),
(293, 123, 22),
(636, 123, 47),
(667, 123, 49),
(50, 124, 4),
(292, 124, 22),
(635, 124, 47),
(49, 125, 4),
(291, 126, 22),
(634, 126, 47),
(666, 126, 49),
(48, 127, 4),
(290, 127, 22),
(633, 127, 47),
(665, 127, 49),
(47, 128, 4),
(289, 128, 22),
(632, 128, 47),
(664, 128, 49),
(288, 129, 22),
(631, 129, 47),
(663, 129, 49),
(46, 130, 4),
(662, 130, 49),
(45, 131, 4),
(287, 131, 22),
(630, 131, 47),
(44, 132, 4),
(286, 132, 22),
(629, 132, 47),
(285, 133, 22),
(512, 133, 39),
(661, 133, 49),
(857, 133, 62),
(284, 134, 22),
(660, 134, 49),
(162, 136, 13),
(467, 136, 36),
(477, 136, 36),
(511, 136, 39),
(858, 136, 62),
(652, 137, 48),
(822, 137, 59),
(651, 138, 48),
(821, 138, 59),
(650, 139, 48),
(820, 139, 59),
(649, 141, 48),
(819, 141, 59),
(24, 143, 2),
(648, 143, 48),
(818, 143, 59),
(60, 144, 5),
(61, 145, 5),
(420, 145, 31),
(62, 146, 5),
(421, 146, 31),
(63, 147, 5),
(422, 147, 31);

-- --------------------------------------------------------

--
-- Estructura de tabla para la tabla `recorridoruta`
--

CREATE TABLE `recorridoruta` (
  `recorridoRutaId` int(20) NOT NULL,
  `rutaId` int(20) NOT NULL,
  `recorridoId` int(20) NOT NULL
) ENGINE=InnoDB DEFAULT CHARSET=utf8mb4 COLLATE=utf8mb4_general_ci;

-- --------------------------------------------------------

--
-- Estructura de tabla para la tabla `ruta`
--

CREATE TABLE `ruta` (
  `rutaId` int(20) NOT NULL,
  `name` varchar(20) NOT NULL,
  `color` varchar(20) NOT NULL
) ENGINE=InnoDB DEFAULT CHARSET=utf8mb4 COLLATE=utf8mb4_general_ci;

--
-- Volcado de datos para la tabla `ruta`
--

INSERT INTO `ruta` (`rutaId`, `name`, `color`) VALUES
(1, 'Caracas', 'Azul'),
(2, 'Norte', 'Verde'),
(3, 'Suba', 'Amarillo'),
(4, 'Calle 80', 'Morado'),
(5, 'NQS Central', 'Marron'),
(6, 'Americas', 'Rojo'),
(7, 'NQS Sur', 'Azul Claro'),
(8, 'Caracas Sur', 'Naranja'),
(9, 'Eje Ambiental', 'Rosado'),
(10, 'Calle 26', 'Cafe'),
(11, 'Carrea 10', 'Agua Marina'),
(12, 'Carrea 7', 'Lila');

--
-- Índices para tablas volcadas
--

--
-- Indices de la tabla `estacion`
--
ALTER TABLE `estacion`
  ADD PRIMARY KEY (`estacionId`);

--
-- Indices de la tabla `estacionruta`
--
ALTER TABLE `estacionruta`
  ADD PRIMARY KEY (`estacionRutaId`),
  ADD KEY `estacionId` (`estacionId`),
  ADD KEY `rutaId` (`rutaId`);

--
-- Indices de la tabla `recorrido`
--
ALTER TABLE `recorrido`
  ADD PRIMARY KEY (`recorridoId`);

--
-- Indices de la tabla `recorridoestacion`
--
ALTER TABLE `recorridoestacion`
  ADD PRIMARY KEY (`recorridoEstacionId`),
  ADD KEY `estacionId` (`estacionId`,`recorridoId`),
  ADD KEY `recorridoId` (`recorridoId`);

--
-- Indices de la tabla `recorridoruta`
--
ALTER TABLE `recorridoruta`
  ADD PRIMARY KEY (`recorridoRutaId`),
  ADD KEY `rutaId` (`rutaId`,`recorridoId`),
  ADD KEY `recorridoId` (`recorridoId`);

--
-- Indices de la tabla `ruta`
--
ALTER TABLE `ruta`
  ADD PRIMARY KEY (`rutaId`);

--
-- AUTO_INCREMENT de las tablas volcadas
--

--
-- AUTO_INCREMENT de la tabla `estacion`
--
ALTER TABLE `estacion`
  MODIFY `estacionId` int(20) NOT NULL AUTO_INCREMENT, AUTO_INCREMENT=148;

--
-- AUTO_INCREMENT de la tabla `estacionruta`
--
ALTER TABLE `estacionruta`
  MODIFY `estacionRutaId` int(20) NOT NULL AUTO_INCREMENT, AUTO_INCREMENT=157;

--
-- AUTO_INCREMENT de la tabla `recorrido`
--
ALTER TABLE `recorrido`
  MODIFY `recorridoId` int(20) NOT NULL AUTO_INCREMENT, AUTO_INCREMENT=64;

--
-- AUTO_INCREMENT de la tabla `recorridoestacion`
--
ALTER TABLE `recorridoestacion`
  MODIFY `recorridoEstacionId` int(20) NOT NULL AUTO_INCREMENT, AUTO_INCREMENT=859;

--
-- AUTO_INCREMENT de la tabla `recorridoruta`
--
ALTER TABLE `recorridoruta`
  MODIFY `recorridoRutaId` int(20) NOT NULL AUTO_INCREMENT;

--
-- AUTO_INCREMENT de la tabla `ruta`
--
ALTER TABLE `ruta`
  MODIFY `rutaId` int(20) NOT NULL AUTO_INCREMENT, AUTO_INCREMENT=13;

--
-- Restricciones para tablas volcadas
--

--
-- Filtros para la tabla `estacionruta`
--
ALTER TABLE `estacionruta`
  ADD CONSTRAINT `estacionruta_ibfk_1` FOREIGN KEY (`estacionId`) REFERENCES `estacion` (`estacionId`),
  ADD CONSTRAINT `estacionruta_ibfk_2` FOREIGN KEY (`rutaId`) REFERENCES `ruta` (`rutaId`);

--
-- Filtros para la tabla `recorridoestacion`
--
ALTER TABLE `recorridoestacion`
  ADD CONSTRAINT `recorridoestacion_ibfk_1` FOREIGN KEY (`estacionId`) REFERENCES `estacion` (`estacionId`) ON DELETE CASCADE ON UPDATE CASCADE,
  ADD CONSTRAINT `recorridoestacion_ibfk_2` FOREIGN KEY (`recorridoId`) REFERENCES `recorrido` (`recorridoId`) ON DELETE CASCADE ON UPDATE CASCADE;

--
-- Filtros para la tabla `recorridoruta`
--
ALTER TABLE `recorridoruta`
  ADD CONSTRAINT `recorridoruta_ibfk_1` FOREIGN KEY (`recorridoId`) REFERENCES `recorrido` (`recorridoId`) ON DELETE CASCADE ON UPDATE CASCADE,
  ADD CONSTRAINT `recorridoruta_ibfk_2` FOREIGN KEY (`rutaId`) REFERENCES `ruta` (`rutaId`) ON DELETE CASCADE ON UPDATE CASCADE;
COMMIT;

/*!40101 SET CHARACTER_SET_CLIENT=@OLD_CHARACTER_SET_CLIENT */;
/*!40101 SET CHARACTER_SET_RESULTS=@OLD_CHARACTER_SET_RESULTS */;
/*!40101 SET COLLATION_CONNECTION=@OLD_COLLATION_CONNECTION */;
